"2011-04-02", "01:14:00", 09, 32.7731362539, -117.133140208
"2009-12-02", "17:55:00", 09, 32.7833760494, -116.958845945
"2010-04-23", "17:00:00", 05, 32.7538014897, -117.122225454
"2010-02-18", "07:30:00", 06, 32.7261435074, -117.102827735
"2009-06-01", "12:00:00", 04, 33.0391668004, -116.877806841
"2012-07-29", "17:30:00", 00, 32.8316722258, -117.02266191
"2010-09-13", "08:41:00", 10, 33.1340508348, -117.206531306
"2012-06-24", "17:00:00", 06, 32.5626021195, -117.05547226
"2012-11-09", "09:30:00", 09, 33.1949933492, -117.35675895
"2011-06-06", "19:45:00", 06, 32.9579986726, -117.046286312
"2010-01-30", "22:30:00", 06, 33.1642452401, -117.217005426
"2012-04-01", "15:30:00", 00, 32.581728878, -117.130642442
"2012-02-15", "17:17:00", 03, 33.1784979109, -117.326685802
"2009-09-09", "14:09:00", 01, 32.7134845304, -117.012694923
"2009-08-20", "20:00:00", 01, 32.5836560221, -117.12235897
"2012-12-18", "20:30:00", 01, 33.2134161691, -117.320326837
"2008-12-20", "10:00:00", 04, 33.1955454826, -117.380129369
"2008-03-16", "20:15:00", 07, 32.7636107307, -117.124968882
"2012-06-20", "21:30:00", 00, 33.090138113, -117.267721304
"2008-05-22", "17:55:00", 08, 33.1248040767, -117.321273328
"2009-04-22", "16:10:00", 01, 33.1784979109, -117.326685802
"2011-08-22", "00:05:00", 01, 32.6813053099, -117.071864291
"2008-03-09", "15:00:00", 05, 32.8001780767, -116.935377777
"2008-11-24", "13:16:00", 09, 32.7932228021, -117.123187117
"2012-07-03", "17:15:00", 06, 32.5765643893, -117.115423402
"2010-09-19", "12:45:00", 00, 33.1668438059, -117.247090465
"2011-03-08", "08:00:00", 01, 32.862140443, -116.916474016
"2009-08-29", "04:50:00", 06, 32.7506317377, -117.114321379
"2009-11-18", "15:00:00", 05, 33.2131038418, -117.257885248
"2012-07-28", "23:00:00", 02, 32.7322781313, -117.230359056
"2008-10-13", "02:55:00", 08, 32.7514404267, -117.249770578
"2012-03-28", "04:37:00", 08, 32.6624842888, -117.078222456
"2009-04-10", "01:45:00", 09, 32.7949198222, -117.254984393
"2012-01-28", "17:00:00", 06, 32.684913448, -117.061208326
"2012-05-06", "00:00:00", 06, 32.7503625179, -117.170474145
"2010-03-02", "15:18:00", 09, 32.8008000366, -117.236252428
"2010-06-30", "16:10:00", 07, 32.738842464, -117.043923782
"2012-10-19", "18:24:00", 07, 32.9974002614, -117.057904783
"2009-03-18", "09:21:00", 09, 32.6330276879, -117.048991087
"2010-10-07", "19:30:00", 06, 33.1277371039, -117.093761529
"2010-07-08", "19:20:00", 09, 32.7521792141, -117.14097346
"2010-06-02", "20:00:00", 05, 32.7553813284, -117.055406421
"2008-07-30", "23:00:00", 00, 32.7113157352, -117.038987552
"2008-06-03", "14:00:00", 02, 32.7731592904, -117.147647506
"2010-02-25", "20:30:00", 04, 32.8434371209, -117.00903105
"2012-03-14", "16:50:00", 09, 32.748095526, -117.252613018
"2009-12-10", "07:10:00", 09, 32.7568175803, -117.0865582
"2012-05-29", "22:15:00", 07, 32.74937764, -117.141280133
"2008-07-11", "08:00:00", 01, 32.7758796839, -117.167470431
"2009-03-26", "18:45:00", 03, 33.1449767492, -117.170143557
"2010-12-17", "10:00:00", 06, 33.1346829135, -117.204494796
"2012-01-19", "08:00:00", 06, 32.6214683783, -117.069913858
"2011-05-16", "10:00:00", 09, 33.2185360158, -116.975373033
"2010-10-13", "09:00:00", 02, 32.6871093723, -117.180631099
"2009-03-02", "13:10:00", 09, 32.7932557795, -116.966168973
"2009-04-30", "22:58:00", 09, 32.9547043916, -117.044203633
"2012-10-27", "14:00:00", 01, 32.7408101269, -117.249641837
"2008-12-29", "11:55:00", 06, 32.9950490013, -117.068128452
"2010-09-08", "22:00:00", 01, 32.6423059604, -117.089942214
"2011-07-17", "18:20:00", 09, 33.2000149754, -117.38760704
"2009-08-12", "07:00:00", 00, 33.1427467972, -117.202019573
"2008-06-29", "00:01:00", 07, 32.8613411039, -117.219902108
"2008-08-08", "13:29:00", 01, 32.8265622008, -116.900928017
"2011-05-02", "15:20:00", 09, 32.7475935856, -117.162745845
"2009-09-06", "20:30:00", 06, 33.1884133413, -117.379197337
"2012-05-20", "19:32:00", 05, 32.7446904129, -117.253831718
"2011-01-06", "10:27:00", 01, 32.6774177108, -117.08937322
"2008-03-13", "10:37:00", 09, 32.750512231, -117.099805945
"2010-03-05", "15:00:00", 03, 32.7388266339, -117.212067507
"2011-11-29", "18:00:00", 00, 32.8508203966, -116.983413231
"2009-06-27", "18:23:00", 01, 32.5454158312, -117.039680172
"2012-08-19", "14:35:00", 03, 32.7687567261, -117.250920596
"2011-08-20", "15:15:00", 00, 33.0532985785, -117.075447132
"2009-05-16", "10:02:00", 08, 32.6410268128, -117.094526606
"2012-10-06", "03:30:00", 00, 32.7900197653, -117.237887287
"2012-01-18", "13:25:00", 05, 32.7872592614, -116.93730895
"2011-05-10", "10:35:00", 08, 32.7491938034, -117.086408569
"2012-02-28", "09:00:00", 01, 32.8448022387, -117.016738289
"2012-09-22", "22:28:00", 05, 32.7080458759, -117.162732611
"2009-06-11", "20:38:00", 09, 32.950292515, -117.205229664
"2008-11-21", "15:20:00", 01, 33.0947974393, -117.05647421
"2008-05-07", "12:00:00", 00, 33.1164983299, -117.074130345
"2008-12-30", "06:00:00", 06, 32.6853873957, -117.070755266
"2008-09-10", "12:45:00", 03, 32.8494898373, -117.015233439
"2010-12-28", "21:00:00", 00, 33.2172984811, -117.231553336
"2012-02-19", "23:00:00", 11, 32.720819234, -117.084917586
"2009-10-27", "14:52:15", 02, 32.8287112147, -116.958771528
"2012-10-16", "21:00:00", 00, 32.7896961889, -116.912363269
"2009-04-09", "17:00:00", 01, 32.5454334847, -117.041862468
"2009-03-10", "12:00:00", 02, 33.1599398008, -116.975839331
"2012-09-15", "12:00:00", 01, 33.2495316647, -117.30415007
"2010-02-14", "18:00:00", 09, 32.9806944912, -117.249392766
"2010-12-09", "00:30:00", 03, 32.7972619756, -117.225467288
"2010-11-27", "06:55:00", 09, 33.131154087, -117.083398673
"2010-11-10", "20:00:00", 07, 32.8171204533, -117.156149472
"2011-08-28", "14:00:00", 06, 33.1342375607, -117.131891506
"2012-09-22", "13:53:00", 09, 32.8077067007, -116.946329438
"2011-01-01", "08:00:00", 02, 32.830261841, -117.213947666
"2008-10-30", "17:00:00", 01, 33.028472615, -116.876212769
"2012-03-23", "08:00:00", 02, 32.6099136431, -117.033754975
"2012-06-15", "23:00:00", 00, 33.0049373457, -117.093858091
"2008-07-26", "19:43:00", 09, 33.2026630559, -117.388910293
"2008-03-10", "13:40:00", 07, 33.1282827692, -117.079590424
"2009-11-05", "08:00:00", 01, 32.693751547, -117.179487178
"2010-03-22", "20:30:00", 09, 32.7523690671, -117.109363617
"2009-02-08", "21:00:00", 00, 32.7783561416, -117.16333098
"2008-05-30", "22:47:00", 00, 32.618196618, -117.080354708
"2009-10-11", "20:00:00", 07, 32.8009020105, -117.253881929
"2008-05-09", "18:50:00", 09, 32.5915736361, -117.043655838
"2012-10-01", "12:05:00", 01, 32.7329286366, -117.077442508
"2009-06-12", "14:49:00", 01, 32.748462002, -117.15436355
"2012-05-22", "22:56:00", 10, 33.0272284173, -117.287203556
"2008-12-19", "02:00:00", 07, 32.8175050968, -116.96885626
"2012-08-14", "18:00:00", 07, 32.863553723, -117.244441405
"2010-04-14", "17:00:00", 05, 32.6967767913, -117.087485347
"2011-06-08", "08:20:00", 06, 33.0163080069, -117.046474888
"2008-01-09", "20:00:00", 00, 32.8666065629, -117.224760712
"2009-02-25", "21:00:00", 07, 32.6928079132, -117.13266846
"2008-02-13", "20:00:00", 00, 33.1657934779, -117.354145759
"2009-03-10", "19:30:00", 01, 32.869297006, -117.202589275
"2010-03-10", "22:00:00", 07, 32.5568486807, -117.057132962
"2008-05-20", "00:27:00", 09, 33.1862819224, -117.212785638
"2010-04-04", "15:30:00", 01, 32.7675763646, -117.147362294
"2010-04-04", "16:00:00", 00, 32.8348328264, -116.799594442
"2010-09-04", "21:00:00", 00, 33.2175881843, -117.330100935
"2008-06-13", "18:00:00", 00, 32.8683270709, -117.213932658
"2012-09-02", "16:10:00", 01, 33.1784979109, -117.326685802
"2010-06-04", "23:08:00", 11, 33.2300047883, -117.248635725
"2008-04-29", "18:52:00", 00, 32.885634567, -117.213168539
"2012-12-14", "07:50:00", 03, 33.1991162783, -117.373544839
"2010-09-21", "08:10:00", 06, 32.6848526441, -117.068158772
"2011-06-02", "11:30:00", 01, 32.6910721659, -117.10811284
"2011-08-28", "01:30:00", 10, 32.7533828189, -117.248854235
"2011-11-02", "18:20:00", 07, 32.7356242823, -117.126484457
"2011-03-18", "18:00:00", 07, 32.8043667783, -117.247160927
"2010-04-05", "00:01:00", 02, 32.8123957097, -117.234197958
"2009-07-11", "19:00:00", 00, 32.7174495468, -117.005639329
"2008-06-26", "11:05:00", 06, 32.6411643419, -117.053151594
"2010-02-14", "12:30:00", 03, 33.1671808965, -117.008097041
"2009-01-30", "19:20:00", 09, 32.6086014189, -116.628017959
"2008-10-03", "23:50:00", 05, 32.798253183, -117.129509757
"2008-09-05", "07:30:00", 01, 32.8004438285, -116.938001188
"2010-08-08", "17:50:00", 09, 32.7657645137, -117.250471602
"2010-09-04", "03:12:00", 10, 32.8011964927, -117.225120345
"2009-08-20", "22:50:00", 09, 32.7003154508, -117.119510187
"2011-07-08", "18:00:00", 09, 32.7084349122, -117.13988437
"2009-09-02", "20:00:00", 06, 32.7638005109, -116.920194156
"2011-01-27", "11:00:00", 05, 32.8298013056, -117.10481482
"2009-10-19", "16:00:00", 07, 32.8106715459, -117.054394206
"2011-04-03", "01:05:00", 09, 32.8051781489, -116.933533979
"2012-12-21", "18:45:00", 08, 32.7685246719, -117.066055748
"2009-02-21", "11:40:00", 07, 32.8314793248, -117.201649863
"2008-09-18", "10:00:00", 00, 33.0991435881, -117.188074812
"2009-02-19", "22:00:00", 06, 32.8014149191, -117.141421744
"2012-04-08", "22:00:00", 01, 32.7858248574, -116.958847667
"2008-12-28", "22:15:00", 05, 32.9194761239, -117.150851265
"2008-07-20", "11:47:00", 01, 32.6740403545, -117.097128922
"2010-03-14", "19:15:00", 01, 32.7482547048, -117.077840099
"2010-07-11", "10:15:00", 09, 32.7689889502, -117.210024142
"2012-10-15", "18:30:00", 00, 32.7666515633, -117.147756968
"2011-02-21", "01:52:00", 07, 32.8003922568, -117.238119184
"2010-03-12", "02:05:00", 10, 32.791395972, -117.251629928
"2012-10-18", "16:00:00", 01, 33.2394073415, -117.157995247
"2012-04-16", "19:00:00", 07, 32.6798378759, -117.044029239
"2010-12-28", "14:00:00", 02, 32.730349298, -117.100383975
"2012-11-15", "17:00:00", 00, 32.9343506762, -117.254641243
"2012-05-21", "22:00:00", 00, 32.759929969, -117.070017786
"2009-12-16", "08:45:00", 11, 32.7505035522, -117.098722298
"2010-11-02", "17:00:00", 00, 32.6962285096, -117.071039635
"2010-05-17", "04:18:00", 00, 32.5783768081, -117.083117946
"2011-12-31", "21:35:00", 09, 32.7104392982, -117.156016722
"2008-09-07", "23:00:00", 05, 32.6838782032, -117.098725789
"2011-07-17", "02:00:00", 01, 32.7531573075, -117.221027923
"2011-03-19", "01:10:00", 03, 32.7104330743, -117.159662692
"2008-10-23", "15:00:00", 09, 32.7040833215, -117.086586016
"2009-12-08", "13:00:00", 08, 32.7476464342, -117.160429051
"2011-03-27", "02:09:00", 10, 32.9547043916, -117.044203633
"2011-04-04", "08:30:00", 05, 32.7970998525, -116.954890309
"2012-12-10", "20:52:00", 09, 33.1699551525, -117.138781151
"2008-11-04", "21:27:00", 10, 32.6638999312, -117.088060196
"2008-11-02", "21:00:00", 00, 33.1888628677, -117.299678392
"2009-05-18", "01:00:00", 00, 32.7475601347, -117.008695657
"2010-10-16", "23:10:00", 03, 32.6163061782, -117.083737101
"2009-11-23", "07:05:00", 03, 32.7062734394, -117.149889883
"2009-04-03", "15:30:00", 05, 32.7009790948, -117.133837607
"2011-07-23", "15:00:00", 00, 32.7063737568, -117.156090907
"2008-08-11", "01:00:00", 07, 32.7083360108, -117.030631061
"2008-11-29", "20:30:00", 07, 33.0746669248, -117.249680497
"2012-10-02", "11:00:00", 06, 32.7994849565, -116.908988226
"2009-01-01", "06:00:00", 02, 32.7596187729, -117.178619542
"2009-04-21", "07:03:00", 11, 32.7553630671, -117.097313999
"2011-11-22", "20:02:00", 09, 33.149784542, -117.041888281
"2008-12-04", "08:20:00", 09, 32.7483478886, -117.23606245
"2011-03-16", "14:20:00", 01, 32.8498312216, -117.272159355
"2011-11-01", "15:00:00", 05, 32.7435478107, -117.072487283
"2009-12-26", "12:00:00", 06, 32.7461014394, -117.247727675
"2009-11-29", "00:05:00", 00, 32.7963671378, -117.207468164
"2011-01-19", "17:00:00", 07, 32.8026130674, -117.119352768
"2011-04-30", "01:15:00", 06, 32.6834209502, -117.091715133
"2012-01-29", "22:30:00", 07, 32.7609491193, -117.01843187
"2010-06-20", "12:00:00", 01, 33.10389787, -117.164133629
"2009-08-29", "09:00:00", 03, 33.0947974393, -117.05647421
"2008-04-15", "17:00:00", 01, 32.9523325459, -117.247425591
"2011-01-23", "16:00:00", 05, 32.5776163117, -117.02874926
"2010-06-11", "20:30:00", 00, 33.2223592136, -117.324209496
"2008-07-27", "02:00:00", 06, 32.7853472348, -117.238848282
"2009-10-18", "20:30:00", 10, 33.0368646582, -117.079107908
"2011-05-05", "12:00:00", 01, 32.7165796016, -117.23619041
"2012-08-11", "22:55:00", 00, 32.7224677646, -117.169175007
"2010-06-22", "18:19:00", 10, 32.7483368458, -117.159984097
"2011-07-13", "21:00:00", 01, 32.6684172513, -117.113128925
"2010-09-16", "00:35:00", 00, 32.7020478876, -117.106430161
"2012-11-27", "14:00:00", 01, 32.699131673, -117.142862291
"2010-04-15", "15:30:00", 01, 32.7026620512, -117.048097992
"2009-01-07", "16:15:00", 01, 33.181726614, -117.342886004
"2008-03-03", "18:30:00", 00, 32.7453269129, -117.190413103
"2008-02-09", "01:00:00", 00, 32.582597297, -117.065180333
"2008-07-19", "22:30:00", 09, 32.633012456, -117.082115789
"2008-03-21", "11:15:00", 03, 32.8512951786, -117.216049956
"2010-06-13", "01:35:00", 10, 32.7214417785, -117.163856885
"2009-04-08", "22:00:00", 00, 32.7276523154, -117.038758923
"2008-12-07", "01:35:00", 09, 32.709374405, -117.12225724
"2011-07-02", "18:30:00", 09, 32.5783768081, -117.083117946
"2010-05-10", "23:35:00", 09, 33.1268160136, -117.07824456
"2011-04-10", "13:44:00", 09, 33.1424495511, -117.045227926
"2008-03-27", "21:00:00", 00, 32.7640040775, -117.062285197
"2009-01-14", "08:50:00", 03, 33.2902187122, -116.918141914
"2008-07-14", "12:00:00", 02, 33.364608422, -117.094817957
"2008-06-15", "00:12:00", 02, 33.2485269732, -117.260089356
"2008-06-03", "21:30:00", 00, 33.0781537689, -117.069504568
"2012-12-12", "07:00:00", 00, 32.7303409754, -117.00957881
"2012-06-10", "10:40:00", 03, 32.8425839207, -116.949041036
"2010-07-09", "15:00:00", 02, 32.6250797533, -117.089947167
"2008-12-23", "11:00:00", 06, 32.729578903, -117.055749741
"2009-09-30", "15:58:00", 06, 32.7581149526, -117.152463799
"2008-07-29", "01:30:00", 00, 32.755980474, -117.092845851
"2012-05-26", "14:29:00", 10, 32.7223149523, -117.08686637
"2011-12-14", "12:37:00", 03, 32.7562524303, -117.090852915
"2009-07-18", "17:40:00", 01, 32.5824519923, -117.032544693
"2011-05-04", "08:11:00", 01, 32.6740403545, -117.097128922
"2012-08-01", "23:15:00", 09, 32.7171693018, -117.129591226
"2012-11-18", "17:56:00", 09, 32.5852777135, -117.058511657
"2008-02-09", "23:42:00", 05, 32.834680947, -117.161550643
"2008-09-11", "17:00:00", 00, 32.5912406613, -117.117346463
"2011-12-22", "15:20:00", 09, 32.7027448381, -117.150011524
"2012-03-05", "12:05:00", 00, 32.791315094, -117.232452923
"2012-03-04", "00:30:00", 00, 32.7970511349, -117.248804381
"2010-05-09", "11:30:00", 01, 32.7314459651, -117.150228226
"2010-02-25", "08:10:00", 01, 32.7591826364, -117.18460873
"2008-03-01", "06:30:00", 00, 33.2382459222, -117.297486726
"2009-07-03", "15:00:00", 06, 33.1114357775, -117.010363629
"2011-08-18", "17:30:00", 09, 32.7533146297, -117.209831568
"2008-07-22", "04:20:00", 06, 32.6769155838, -117.0960989
"2008-10-22", "14:00:00", 05, 33.193635671, -117.243735972
"2009-09-28", "07:00:00", 05, 32.9782886357, -117.132260336
"2010-09-17", "23:00:00", 04, 32.9900806401, -117.270170835
"2012-03-17", "18:00:00", 06, 32.7652582419, -117.11130673
"2010-12-02", "22:05:00", 00, 33.2004775774, -117.2948831
"2008-12-24", "05:50:00", 05, 32.7172600412, -117.164725506
"2008-07-06", "12:00:00", 02, 32.7409006175, -117.239268398
"2009-12-23", "15:10:00", 01, 32.6740403545, -117.097128922
"2008-12-22", "14:24:00", 02, 32.9869676023, -117.163839976
"2009-08-07", "21:15:00", 06, 33.1030808994, -117.071989669
"2008-03-20", "17:00:00", 01, 33.3693815384, -117.176743537
"2010-06-01", "16:00:00", 02, 32.7674617121, -117.188384614
"2012-10-28", "16:00:00", 01, 33.1935552073, -117.255868668
"2011-05-01", "00:01:00", 00, 33.1892262249, -117.376249492
"2008-02-17", "18:00:00", 07, 32.6970171673, -117.124252704
"2010-12-16", "12:24:00", 09, 33.1546307971, -117.130724996
"2009-02-06", "18:00:00", 07, 32.8703212843, -117.203765157
"2010-02-11", "19:00:00", 04, 32.8434371209, -117.00903105
"2009-08-31", "16:00:00", 06, 32.9308615314, -117.082004736
"2009-04-18", "20:00:00", 03, 33.1633089144, -117.237723114
"2011-12-27", "19:00:00", 01, 32.7697391539, -117.167529465
"2008-06-26", "08:00:00", 01, 32.7089688586, -117.164394018
"2010-09-21", "13:48:00", 03, 33.2026685803, -117.255167201
"2008-10-07", "15:45:00", 09, 33.2000149754, -117.38760704
"2011-09-21", "21:00:00", 01, 32.7665358815, -117.193327798
"2008-08-31", "09:00:00", 00, 32.9783021846, -117.035720574
"2012-01-01", "09:30:00", 09, 32.5455646772, -117.030635843
"2008-07-18", "07:50:00", 06, 32.8027168005, -116.92185189
"2008-02-16", "02:00:00", 01, 32.8490320892, -117.271576226
"2011-06-15", "01:05:00", 01, 32.8584431787, -117.233055813
"2012-11-24", "22:00:00", 07, 32.5728287883, -117.090130075
"2008-01-24", "07:30:00", 08, 32.924963646, -117.142594857
"2010-08-17", "08:00:00", 07, 32.6616124868, -117.109908959
"2008-04-27", "20:40:00", 07, 32.5949413746, -117.089192133
"2012-01-29", "21:00:00", 00, 32.7682479615, -117.188305632
"2012-04-27", "01:16:00", 05, 32.6199660941, -117.100415861
"2011-05-12", "13:51:00", 09, 32.8233593087, -117.235951849
"2009-05-30", "17:00:00", 01, 33.0734385022, -117.042990513
"2011-01-05", "17:24:00", 08, 32.7531511378, -117.127698024
"2012-08-24", "17:10:00", 06, 32.6592149521, -117.067051235
"2010-01-17", "18:30:00", 01, 32.6643172915, -117.089937393
"2010-08-29", "00:05:00", 09, 32.7114953538, -117.159665531
"2011-05-16", "19:00:00", 05, 32.7865526213, -117.075478289
"2009-03-20", "15:00:00", 06, 32.7086160402, -117.08469472
"2012-05-18", "14:00:00", 01, 32.7766693771, -117.040539627
"2009-01-04", "18:28:00", 03, 32.8035283617, -117.113759101
"2011-04-18", "11:10:00", 09, 33.1859607511, -117.328160404
"2008-12-20", "19:20:00", 01, 32.6772680593, -117.098386729
"2010-04-25", "17:00:00", 09, 32.708337308, -117.158734051
"2009-05-24", "20:39:00", 01, 33.1934135127, -117.23331492
"2011-02-02", "02:51:00", 06, 32.8245062227, -117.15517735
"2009-05-16", "02:10:00", 09, 32.7136305664, -117.158785372
"2012-07-09", "18:30:00", 01, 32.7575428386, -117.189347682
"2011-03-17", "14:14:00", 09, 32.7094210983, -117.15112326
"2009-06-18", "19:00:00", 07, 32.5822835816, -117.107821442
"2012-12-23", "02:00:00", 05, 32.9154163483, -117.078979733
"2010-09-01", "23:00:00", 06, 33.023031364, -117.045497446
"2010-03-12", "00:06:00", 09, 32.7139297036, -117.149473874
"2009-10-04", "17:50:00", 09, 32.7446515703, -117.251652976
"2011-01-08", "23:59:00", 02, 32.6371685929, -117.0296102
"2009-10-02", "10:00:00", 07, 32.5660149183, -117.057053048
"2010-09-15", "14:45:00", 09, 32.7552203182, -117.115504832
"2008-02-19", "17:30:00", 07, 32.7748069808, -117.146877153
"2011-09-21", "05:00:00", 05, 32.950292515, -117.205229664
"2009-04-24", "19:40:00", 09, 32.756233685, -117.170497157
"2012-12-27", "22:40:00", 00, 32.6727893551, -117.032825316
"2012-04-17", "22:30:00", 01, 32.8011592447, -116.871182637
"2011-01-20", "23:57:00", 09, 32.6373576694, -117.091964368
"2011-09-01", "06:00:00", 04, 32.7455754418, -116.984646725
"2011-01-08", "04:00:00", 03, 32.7378854138, -117.031284094
"2012-03-20", "12:35:00", 01, 32.7822113283, -116.966589988
"2008-08-24", "08:30:00", 11, 32.7612109756, -117.118079322
"2012-06-15", "01:40:00", 10, 32.5833706391, -117.092698014
"2010-02-17", "17:00:00", 05, 32.7228627265, -117.125410311
"2012-06-20", "16:40:00", 03, 32.7972743269, -117.256792976
"2008-08-21", "22:00:00", 07, 32.9443152697, -117.246787302
"2010-01-17", "09:00:00", 09, 32.7512742727, -117.130154506
"2011-01-11", "19:00:00", 08, 32.7330998959, -117.032892388
"2010-08-23", "19:15:00", 10, 32.8002567878, -117.15524859
"2012-11-07", "18:15:00", 01, 32.6085375815, -117.080689149
"2009-07-21", "19:39:00", 03, 32.6221786575, -117.084912315
"2008-10-12", "21:00:00", 07, 32.7615434219, -117.063403426
"2010-03-18", "01:10:00", 09, 33.2232962377, -117.334080942
"2010-07-01", "10:19:00", 02, 33.1081644427, -117.268411182
"2009-02-16", "11:00:00", 01, 32.7598310258, -117.249007039
"2012-02-04", "23:00:00", 00, 32.6746774894, -117.070169185
"2009-10-05", "12:00:00", 06, 32.8133708767, -116.936095631
"2010-03-27", "00:56:00", 09, 32.7522095636, -117.129849976
"2011-09-26", "20:30:00", 01, 33.1475937928, -117.171054178
"2009-10-08", "08:38:00", 09, 32.7062821714, -117.143179609
"2010-05-09", "17:00:00", 00, 32.7085106854, -117.126322136
"2008-03-22", "20:30:00", 00, 32.7531511378, -117.127698024
"2012-05-31", "20:30:00", 09, 32.6963315736, -117.085109869
"2009-07-15", "23:00:00", 03, 33.2087436409, -117.369232461
"2010-06-24", "12:00:00", 02, 33.120409621, -117.300619412
"2011-10-17", "15:16:00", 01, 32.6085375815, -117.080689149
"2012-10-07", "14:05:00", 11, 33.1374896312, -117.095967647
"2008-11-26", "16:00:00", 07, 33.3066091447, -117.227395913
"2008-02-20", "02:15:00", 00, 32.8051748423, -117.257150185
"2010-06-09", "16:30:00", 01, 32.9474509364, -117.061270783
"2008-07-29", "08:50:00", 09, 33.1902925442, -117.380037133
"2012-12-12", "12:35:00", 06, 33.0343668701, -116.881578318
"2010-12-24", "01:55:00", 09, 32.7130956066, -117.160140034
"2011-07-03", "17:58:00", 03, 32.7154174754, -117.127252208
"2008-07-02", "09:51:00", 02, 32.8292948708, -117.267182702
"2010-09-04", "01:29:00", 10, 32.8013500201, -117.225691567
"2010-11-06", "02:39:00", 09, 32.7716367666, -117.069668055
"2009-11-14", "18:00:00", 01, 33.1361461703, -117.123629385
"2012-07-03", "12:00:00", 01, 32.7509176987, -117.179094849
"2011-09-20", "12:00:00", 06, 32.5762874157, -117.105698669
"2009-03-11", "13:07:00", 03, 32.7555973058, -117.095621603
"2008-05-15", "22:00:00", 01, 32.9588384755, -117.048166823
"2012-01-29", "21:40:00", 00, 33.2369365616, -117.317882399
"2012-04-01", "20:00:00", 00, 32.5820266671, -117.081373804
"2008-04-16", "06:26:00", 06, 33.0947974393, -117.05647421
"2008-07-07", "20:00:00", 09, 32.7498331542, -117.251163409
"2011-08-22", "18:00:00", 01, 32.8112984268, -117.237249223
"2011-10-12", "06:00:00", 00, 32.7973309281, -117.204490477
"2010-01-30", "01:06:00", 09, 32.7438241288, -117.034242863
"2008-05-14", "21:00:00", 03, 33.0360798374, -116.866236523
"2011-06-08", "19:00:00", 01, 32.7699665441, -117.015952176
"2008-01-12", "19:19:00", 05, 33.2471841502, -117.318410865
"2010-09-16", "01:50:00", 05, 33.1823891028, -117.316963388
"2012-10-01", "12:00:00", 01, 33.1016421812, -117.263262008
"2008-10-30", "08:50:00", 05, 33.0487531289, -117.294448837
"2008-04-11", "12:00:00", 01, 33.0758796281, -117.058028938
"2012-03-25", "17:15:00", 01, 32.7697391539, -117.167529465
"2011-12-30", "13:00:00", 05, 33.1342177615, -117.049963683
"2010-08-10", "15:00:00", 00, 33.3855365588, -117.251614208
"2011-02-09", "00:01:00", 02, 32.9773163824, -117.095154118
"2011-09-10", "01:00:00", 07, 32.7975735571, -117.250922423
"2008-01-24", "11:15:00", 09, 33.3691930242, -117.223098609
"2010-11-02", "20:23:00", 09, 32.7633575423, -117.122297298
"2009-07-29", "19:17:00", 09, 32.6986758715, -117.092188072
"2008-03-17", "18:05:00", 09, 32.7692448313, -117.191671642
"2009-01-23", "00:01:00", 00, 32.7563852084, -117.094350848
"2009-06-23", "07:00:00", 01, 33.1223543923, -117.00597793
"2008-10-23", "16:30:00", 00, 32.8077019632, -117.00914935
"2010-09-16", "12:15:00", 01, 32.6117258858, -117.032899359
"2010-04-11", "21:00:00", 01, 32.5801551276, -117.033859862
"2008-03-29", "15:30:00", 00, 32.7377002749, -117.148767503
"2012-06-24", "16:15:00", 01, 32.7691306163, -117.170629781
"2008-04-18", "23:00:00", 08, 32.7849133931, -117.171011656
"2010-01-15", "21:24:00", 09, 32.6794232692, -117.094125755
"2010-07-04", "11:00:00", 06, 32.7411814183, -117.096623138
"2008-10-22", "17:00:00", 07, 32.6986496893, -117.09564044
"2008-02-07", "08:00:00", 06, 32.7462051717, -117.237396043
"2008-03-30", "12:00:00", 00, 32.7377995188, -117.235255401
"2012-08-02", "22:00:00", 00, 32.7072874078, -117.158729728
"2010-02-02", "12:15:00", 06, 32.6592149521, -117.067051235
"2011-01-03", "19:30:00", 00, 33.0385274418, -117.07681416
"2009-07-10", "08:30:00", 05, 32.9004157454, -117.191803694
"2011-02-03", "16:30:00", 05, 32.8157139871, -117.18005355
"2009-09-15", "02:00:00", 00, 32.6213888202, -117.036004086
"2009-06-03", "19:34:00", 09, 32.6489704224, -116.963294778
"2012-12-07", "17:00:00", 00, 32.7324770846, -116.961449656
"2011-12-30", "18:15:00", 01, 33.1839836205, -117.295415132
"2011-12-18", "13:20:00", 04, 33.1352990173, -117.050375832
"2009-08-29", "22:00:00", 07, 32.792391948, -117.174212957
"2008-01-08", "17:00:00", 05, 32.9515343083, -117.065055165
"2009-11-22", "16:56:00", 12, 33.1740823506, -117.344437563
"2011-09-15", "18:00:00", 03, 32.8417682753, -116.961863175
"2012-10-07", "01:15:00", 01, 32.749392971, -117.130147097
"2011-03-10", "22:05:00", 09, 32.9125786883, -117.148000376
"2012-01-23", "21:45:00", 07, 32.5706046996, -117.086230032
"2012-11-18", "16:00:00", 05, 32.8400789114, -116.988522024
"2011-05-18", "12:00:00", 00, 33.3930169759, -117.234840669
"2008-04-29", "23:00:00", 05, 32.7552644017, -117.121930932
"2012-10-18", "20:30:00", 08, 32.6905570055, -117.103821245
"2012-11-02", "08:00:00", 06, 33.1354027796, -117.068825175
"2011-01-06", "18:35:00", 09, 32.8106204103, -116.940152313
"2010-10-20", "22:40:00", 03, 32.7939160838, -116.937283107
"2008-11-08", "11:30:00", 03, 32.8586353222, -116.819422827
"2010-03-07", "15:30:00", 06, 32.7486782821, -117.148272316
"2008-02-23", "23:05:00", 09, 32.824096918, -116.931356675
"2012-02-03", "10:00:00", 01, 33.2471841502, -117.318410865
"2012-10-02", "15:15:00", 09, 32.7426478038, -117.035318625
"2010-04-12", "17:30:00", 06, 33.2876447388, -117.157260682
"2009-06-12", "00:00:00", 05, 32.7523336464, -117.164965831
"2011-02-12", "15:00:00", 06, 33.1189210275, -117.23542441
"2009-08-11", "23:10:00", 11, 32.6932408972, -117.071814165
"2012-06-26", "18:15:00", 00, 32.6407987365, -117.079752094
"2010-04-26", "09:20:00", 01, 32.7906602055, -117.205254498
"2009-08-14", "18:07:00", 09, 32.6341829739, -117.090722404
"2009-12-04", "19:20:00", 07, 33.2125260677, -117.248576285
"2008-06-27", "04:07:00", 10, 33.2284958688, -117.326043111
"2012-03-23", "02:15:00", 05, 32.7077976172, -117.160102507
"2009-08-27", "23:52:00", 08, 33.1610049663, -117.349868088
"2009-07-09", "21:30:00", 07, 32.6815060242, -116.996529309
"2011-08-08", "08:03:00", 07, 33.1724434576, -117.320086345
"2012-06-23", "16:30:00", 09, 32.7721704127, -117.252587391
"2012-07-27", "17:00:00", 01, 32.7638567718, -117.100500875
"2009-02-05", "12:30:00", 09, 32.9950490013, -117.068128452
"2008-10-06", "23:45:00", 00, 33.150339594, -117.034992248
"2010-09-13", "07:30:00", 06, 32.7849416593, -116.967111654
"2009-04-16", "12:15:00", 09, 33.1848742062, -117.366191382
"2009-06-12", "12:00:00", 01, 32.7432869448, -117.254157274
"2012-06-30", "15:00:00", 09, 33.1993642739, -117.388421987
"2010-12-05", "20:00:00", 00, 33.2000149754, -117.38760704
"2012-08-10", "16:30:00", 07, 32.8076838085, -116.955941644
"2011-07-03", "20:19:00", 09, 32.7550779819, -117.099457187
"2008-01-19", "20:05:00", 09, 32.6881170774, -117.082152393
"2012-01-16", "10:19:00", 09, 33.1897255166, -117.24659128
"2010-08-05", "06:10:00", 00, 32.6292330964, -117.08877281
"2010-05-31", "06:50:00", 06, 32.6427476403, -117.144005709
"2009-09-10", "06:59:00", 00, 32.9486834591, -117.109144906
"2009-04-21", "18:15:00", 09, 32.7109492721, -117.161036714
"2011-08-22", "15:00:00", 07, 32.6741792713, -117.112766112
"2012-03-01", "08:00:00", 02, 32.6158774092, -117.019193573
"2008-04-02", "17:00:00", 09, 32.7910504818, -117.255247743
"2008-02-15", "22:59:00", 09, 32.5801551276, -117.033859862
"2009-04-26", "23:05:00", 01, 33.1304842138, -117.097313623
"2010-08-02", "23:30:00", 05, 32.8651543413, -117.221354716
"2010-11-27", "01:30:00", 05, 32.7130956066, -117.160140034
"2009-05-01", "18:00:00", 03, 33.2461767062, -117.296099462
"2008-06-29", "17:30:00", 09, 32.7460396265, -117.16158655
"2011-02-21", "17:30:00", 03, 33.2102269129, -117.248889182
"2008-08-21", "12:00:00", 01, 32.7579831262, -117.107156073
"2008-11-24", "22:39:00", 09, 33.2035882063, -117.370370946
"2008-09-28", "17:15:00", 03, 32.7089688586, -117.164394018
"2011-12-13", "18:10:00", 03, 32.7097203581, -117.038916551
"2009-04-17", "18:43:00", 01, 33.2038200072, -117.26648123
"2009-04-13", "18:00:00", 07, 32.5488426919, -117.035039167
"2008-05-03", "14:00:00", 00, 32.9734449488, -117.091492025
"2011-05-07", "23:50:00", 09, 32.6644811109, -117.111598961
"2012-10-23", "13:25:00", 01, 32.7691306163, -117.170629781
"2010-10-12", "12:00:00", 09, 32.7168265774, -117.173102791
"2010-12-26", "00:01:00", 02, 32.8653505283, -117.226411488
"2010-03-19", "07:00:00", 01, 32.7356134774, -117.11946663
"2012-01-09", "14:00:00", 01, 32.7459782379, -117.085066407
"2012-01-14", "12:00:00", 01, 32.8563942829, -116.911365135
"2012-09-14", "12:10:00", 00, 32.7703516022, -117.201682174
"2011-06-21", "20:02:00", 03, 32.7177484822, -117.078906133
"2011-12-20", "21:40:00", 00, 32.7731362539, -117.133140208
"2011-07-07", "16:30:00", 01, 33.3731022382, -117.257970804
"2009-07-03", "07:30:00", 01, 32.7340241127, -117.238848413
"2008-06-20", "08:00:00", 00, 32.7888403754, -117.204739114
"2009-07-08", "15:30:00", 09, 33.1917518828, -117.382009146
"2010-09-14", "11:23:00", 05, 32.7402657255, -117.101081127
"2009-10-14", "14:20:00", 01, 33.1370332732, -117.286926288
"2012-08-12", "22:22:00", 09, 33.1463561893, -117.173377612
"2008-09-06", "21:00:00", 06, 33.0187776465, -117.262470823
"2010-04-18", "00:44:00", 09, 33.2036977476, -117.250947702
"2009-04-22", "18:00:00", 07, 32.8642292567, -117.235944061
"2010-07-20", "10:54:00", 09, 32.7032080353, -117.146794744
"2009-11-07", "03:55:00", 09, 32.7125510346, -117.16242199
"2012-02-26", "11:40:00", 00, 32.9125786883, -117.148000376
"2010-04-25", "02:52:00", 10, 32.862282891, -117.000671904
"2008-11-14", "21:00:00", 05, 33.186145116, -117.237344262
"2011-06-02", "13:58:00", 03, 32.5788366795, -117.130642667
"2012-06-27", "12:00:00", 02, 32.7171312613, -117.136057633
"2009-03-28", "16:45:00", 09, 32.7687122171, -117.045967596
"2008-07-03", "02:42:00", 07, 33.2389079599, -117.33399776
"2011-04-11", "09:35:00", 03, 33.0758796281, -117.058028938
"2012-04-14", "23:50:00", 09, 33.2218136906, -117.242553723
"2008-12-02", "16:41:00", 09, 32.6960004766, -117.117824515
"2012-05-31", "20:00:00", 06, 33.0448003571, -116.875329089
"2011-03-31", "17:45:00", 00, 33.2070846883, -117.220676447
"2009-11-01", "07:43:00", 02, 33.0593521736, -117.294582078
"2011-07-22", "12:58:18", 09, 32.7938099317, -116.959686498
"2010-08-02", "21:30:00", 03, 32.7084158784, -117.141309733
"2009-10-18", "16:00:00", 06, 33.1961922478, -117.329039196
"2010-03-10", "05:00:00", 01, 33.1993962417, -117.379062572
"2011-08-17", "15:41:00", 09, 32.6843206345, -116.334837099
"2012-06-02", "12:30:00", 00, 32.8310319544, -117.276319908
"2011-12-28", "11:20:00", 09, 32.7178604712, -117.14847682
"2009-09-05", "15:30:00", 07, 32.9372097739, -117.166728153
"2010-01-06", "09:00:00", 07, 32.9624864639, -117.091612685
"2009-06-11", "08:32:00", 09, 32.7020533529, -117.145134881
"2011-08-07", "21:40:00", 00, 33.1701835794, -117.212136883
"2008-08-13", "19:30:00", 00, 33.1443224958, -117.120547223
"2011-10-27", "11:00:00", 06, 32.7415042138, -117.125006291
"2008-05-21", "21:00:00", 01, 32.6733891828, -117.108814925
"2011-06-21", "09:00:00", 02, 32.9724017911, -117.126471778
"2010-09-07", "12:00:00", 02, 32.6804682053, -117.052963175
"2011-04-29", "00:45:00", 05, 32.9171679094, -117.124514501
"2010-02-16", "09:00:00", 07, 32.583137303, -117.071114301
"2011-04-08", "21:24:00", 11, 32.9127759456, -117.141189544
"2008-05-13", "20:20:00", 09, 32.716230454, -117.162907125
"2008-07-28", "08:40:00", 06, 32.7915330517, -117.1535156
"2009-08-02", "21:00:00", 00, 32.8156554294, -117.216926301
"2011-12-08", "09:30:00", 08, 33.0947974393, -117.05647421
"2008-11-18", "00:00:00", 05, 33.1455188932, -117.058325529
"2010-06-27", "10:01:00", 08, 32.7233383838, -117.084939857
"2009-09-01", "14:00:00", 02, 32.789295879, -117.202345883
"2009-04-11", "20:50:00", 05, 32.6285617088, -117.09117152
"2008-04-01", "12:00:00", 05, 32.840124856, -117.000167351
"2012-11-01", "19:30:00", 03, 32.6709264427, -117.086848269
"2008-12-16", "12:05:00", 01, 32.6143527277, -117.025496598
"2008-11-27", "15:00:00", 06, 32.7051861386, -117.062132452
"2011-01-29", "22:30:00", 09, 32.8200228127, -117.179056617
"2009-02-21", "00:45:00", 01, 33.2655660195, -116.954576718
"2011-02-19", "23:40:00", 04, 32.6592149521, -117.067051235
"2011-12-21", "19:00:00", 11, 33.1090577429, -117.076234324
"2012-10-16", "16:05:00", 09, 32.701170711, -117.143859775
"2012-07-20", "06:00:00", 00, 32.8036205144, -117.117385606
"2012-04-30", "18:30:00", 06, 32.7656700849, -117.059985762
"2008-09-28", "23:00:00", 01, 32.8058273113, -117.249560177
"2010-03-27", "16:30:00", 01, 32.6592149521, -117.067051235
"2010-12-12", "14:00:00", 09, 32.7864030349, -117.12153573
"2009-08-10", "16:58:00", 03, 32.8731340076, -117.211859506
"2012-11-30", "12:51:00", 01, 32.7167638657, -117.159718278
"2009-09-15", "09:46:00", 09, 32.7106560062, -117.057127249
"2011-05-03", "15:05:00", 09, 32.7083651116, -117.151107525
"2010-10-23", "19:40:00", 09, 32.7497028119, -117.111560674
"2008-10-11", "19:35:00", 09, 32.7472293687, -117.251670997
"2009-05-07", "22:00:00", 03, 33.0391668004, -116.877806841
"2012-09-15", "00:30:00", 07, 33.1306975052, -117.209043923
"2012-06-03", "22:45:00", 05, 32.8678718345, -117.216736952
"2011-04-25", "00:30:00", 01, 32.796795159, -117.255557392
"2011-09-13", "17:34:00", 09, 32.8144824284, -117.1738354
"2008-07-18", "15:00:00", 06, 33.0343804926, -116.888867126
"2012-08-30", "19:15:00", 00, 32.7979004406, -116.977495631
"2011-11-26", "01:00:00", 07, 32.7923569618, -117.247340585
"2011-02-26", "20:59:00", 10, 33.1323492391, -117.069242572
"2012-11-10", "16:00:00", 00, 33.3711394539, -117.254793432
"2011-12-10", "16:45:00", 00, 33.1261536251, -117.058478442
"2009-01-31", "07:30:00", 09, 32.7484494861, -117.137732098
"2009-05-01", "18:00:00", 00, 32.7559171592, -117.216784048
"2010-04-22", "08:00:00", 06, 32.7537485426, -117.165536903
"2010-08-14", "15:50:00", 01, 32.9327880538, -116.87557927
"2010-01-02", "22:50:00", 04, 32.7503329936, -117.133551215
"2010-04-17", "15:30:00", 04, 32.6199660941, -117.100415861
"2012-04-18", "19:05:00", 06, 33.1396773715, -117.060841434
"2009-03-25", "04:32:00", 05, 32.7949498589, -116.974941185
"2008-02-02", "00:01:00", 02, 32.8069817613, -117.253805567
"2008-12-17", "14:00:00", 09, 32.6969760866, -117.132726417
"2012-07-25", "00:55:00", 09, 33.19562407, -117.377837111
"2008-12-16", "21:00:00", 00, 33.1374896312, -117.095967647
"2008-06-09", "01:30:00", 07, 32.8016188427, -117.142270395
"2012-10-22", "15:20:00", 03, 33.2264651611, -117.329797591
"2009-10-18", "08:50:00", 08, 32.6769155838, -117.0960989
"2008-04-20", "08:00:00", 02, 32.6681291861, -117.100199746
"2008-05-17", "02:45:00", 09, 32.718332622, -117.160178276
"2012-03-12", "12:40:00", 01, 32.861523081, -116.958785142
"2010-10-08", "10:30:00", 00, 32.8726193445, -117.204546853
"2012-10-23", "13:00:00", 09, 32.7958420556, -117.254296888
"2009-11-27", "13:29:00", 10, 32.8781258124, -117.214181261
"2008-05-21", "00:01:00", 06, 32.7499077033, -117.206577501
"2008-05-27", "14:00:00", 00, 33.1349958142, -117.087390593
"2008-10-31", "19:45:00", 03, 33.2143775228, -117.346815702
"2008-08-16", "02:50:00", 10, 32.9462388531, -117.103070052
"2008-03-26", "13:00:00", 00, 33.1240620405, -117.3138928
"2009-01-10", "18:00:00", 05, 33.1117878526, -117.302208596
"2012-08-24", "13:30:00", 06, 32.708594342, -116.987641058
"2008-02-22", "22:30:00", 02, 32.7120157694, -117.161956419
"2011-04-11", "01:34:00", 10, 32.6095797783, -117.0422806
"2009-10-31", "20:00:00", 00, 32.7769911392, -117.029076507
"2009-04-27", "02:11:00", 10, 32.7242101911, -117.027628713
"2008-08-26", "23:45:00", 05, 32.9803890061, -117.134846523
"2010-10-01", "17:30:00", 05, 33.4118116207, -117.214545629
"2010-09-27", "15:05:00", 08, 32.7756734353, -117.153981718
"2012-04-08", "19:00:00", 06, 32.618196618, -117.080354708
"2011-02-07", "23:00:00", 00, 32.7401429822, -117.123048407
"2011-11-07", "12:00:00", 06, 33.1024596505, -117.249612111
"2012-02-20", "10:00:00", 07, 32.7530635552, -117.195359551
"2012-01-03", "00:30:00", 09, 33.2185360158, -116.975373033
"2010-10-12", "23:00:00", 01, 33.2035181884, -117.386241186
"2009-02-18", "15:00:00", 01, 32.8076838085, -116.955941644
"2010-03-06", "01:00:00", 09, 32.7199003223, -116.449465495
"2012-07-22", "23:58:00", 00, 32.7022853442, -117.016683621
"2011-12-28", "21:35:00", 08, 32.7903928236, -117.203021561
"2008-08-07", "08:30:00", 09, 32.7851743307, -117.239600407
"2009-08-22", "20:53:00", 02, 32.6327590585, -117.079600149
"2008-04-01", "09:50:00", 03, 32.8028374949, -117.159548916
"2010-04-26", "16:00:00", 01, 32.7303276571, -117.163460685
"2010-09-15", "12:00:00", 02, 32.7723353562, -117.197267994
"2011-02-13", "02:47:00", 09, 32.5829326548, -117.048317922
"2011-11-19", "17:00:00", 05, 33.1410403121, -117.205451006
"2010-05-19", "23:37:00", 10, 32.7498732848, -117.167958813
"2011-02-24", "07:50:00", 09, 32.8323029616, -117.175661567
"2008-04-19", "17:01:00", 13, 32.7040833215, -117.086586016
"2009-07-10", "18:00:00", 07, 32.6613964029, -117.079602398
"2012-09-12", "20:00:00", 07, 32.6372914008, -117.094177977
"2011-06-15", "07:45:00", 05, 32.8264247096, -117.137179398
"2012-01-21", "02:30:00", 03, 33.2083228602, -117.334144496
"2012-06-16", "19:58:00", 03, 32.7464125035, -117.104496923
"2012-08-19", "14:20:00", 09, 32.7063737568, -117.156090907
"2012-08-21", "16:02:00", 09, 33.1274652599, -117.08407082
"2010-03-21", "15:30:00", 00, 33.0398523565, -117.272461776
"2012-02-26", "18:00:00", 01, 32.7805003242, -117.057030902
"2010-06-09", "23:00:00", 09, 32.7858859893, -116.963376382
"2009-12-31", "01:00:00", 05, 33.2251732825, -117.284891188
"2008-07-12", "02:02:00", 09, 33.1597270205, -117.351249752
"2011-06-28", "09:43:00", 09, 32.705237938, -117.14317933
"2009-06-25", "00:08:00", 08, 32.6474006591, -116.967546315
"2011-09-25", "13:39:00", 05, 32.8273149861, -117.279733793
"2011-10-01", "01:00:00", 01, 32.7485015477, -117.15234094
"2010-12-19", "16:30:00", 05, 32.8893969553, -117.146279316
"2008-10-05", "19:00:00", 00, 32.7600293025, -117.143777123
"2012-08-19", "20:35:00", 03, 32.6960307577, -117.113519568
"2011-11-12", "00:00:00", 05, 32.6695786107, -117.101055344
"2009-12-03", "08:00:00", 01, 32.7329445328, -117.163044501
"2009-06-23", "10:15:00", 03, 33.1150800453, -116.792024355
"2012-04-27", "13:50:00", 09, 32.7131572294, -117.148550796
"2009-10-02", "20:00:00", 09, 33.1991162783, -117.373544839
"2012-12-13", "10:49:00", 01, 32.7461460025, -117.059663145
"2009-03-17", "21:35:00", 09, 32.7094758109, -117.141325316
"2012-01-19", "12:30:00", 01, 32.859262863, -116.921704841
"2009-12-05", "14:00:00", 03, 32.8004043285, -117.165431364
"2010-05-07", "14:20:00", 03, 32.7553007416, -117.127080287
"2008-07-17", "00:00:00", 02, 32.6414489136, -116.942974265
"2008-05-18", "00:20:00", 09, 32.7891321243, -117.25460327
"2008-06-09", "22:30:00", 07, 33.1844638416, -117.092657161
"2011-06-11", "21:00:00", 05, 32.7325003617, -117.127283626
"2012-06-09", "23:30:00", 03, 32.5765245604, -117.105389343
"2009-03-19", "15:55:00", 09, 32.8245876781, -116.951454815
"2009-05-19", "07:00:00", 06, 33.3081506255, -117.313788366
"2012-02-25", "17:00:00", 07, 32.7535289531, -117.160467187
"2011-05-11", "12:32:00", 02, 33.2067055747, -117.225111125
"2009-10-08", "00:01:00", 05, 32.7085762845, -117.122211957
"2011-01-30", "03:00:00", 00, 32.8504583728, -116.930201321
"2009-08-05", "11:00:00", 01, 32.7949176859, -116.946394275
"2008-06-06", "08:45:00", 00, 32.6932080328, -117.140094721
"2011-08-29", "17:44:00", 10, 32.8175399684, -116.923634239
"2010-04-14", "22:50:00", 04, 32.7656700849, -117.059985762
"2009-02-27", "22:16:00", 10, 32.6697307126, -117.111603132
"2009-09-15", "06:00:00", 01, 33.215524977, -117.340868449
"2010-06-05", "17:15:00", 01, 32.8703212843, -117.203765157
"2009-06-05", "18:15:00", 03, 33.1975707959, -117.382125155
"2011-09-15", "09:31:00", 00, 32.6832246737, -117.080601797
"2009-07-13", "21:30:00", 03, 32.8049600109, -117.132108823
"2009-07-26", "00:01:00", 02, 33.1232143225, -117.161747836
"2008-12-16", "22:00:00", 06, 32.9974822877, -117.273648998
"2012-05-01", "07:30:00", 01, 33.1816003515, -117.296320102
"2011-01-24", "00:10:00", 05, 32.9652646555, -117.267406508
"2011-08-26", "17:12:00", 03, 33.0648377902, -116.576033249
"2009-05-13", "22:59:00", 09, 32.7559077991, -117.085751026
"2011-06-02", "18:00:00", 01, 32.7555959415, -117.136348526
"2010-07-20", "18:57:00", 07, 32.873830678, -117.218292312
"2010-10-27", "21:53:00", 01, 32.7479187488, -116.979628864
"2011-06-03", "18:05:00", 03, 33.2111906678, -117.242479284
"2010-07-08", "02:17:00", 06, 32.817206777, -117.15075361
"2008-01-27", "17:00:00", 01, 32.8020486583, -116.992426373
"2011-10-11", "19:15:00", 00, 32.9469866166, -117.247449539
"2012-06-01", "16:00:00", 07, 32.8008361986, -116.946208397
"2008-08-22", "08:00:00", 00, 32.7742775851, -117.004756811
"2011-07-22", "18:49:00", 09, 33.1962377387, -117.252397722
"2009-08-15", "21:47:00", 09, 33.0468281105, -116.86441096
"2010-05-25", "11:16:00", 09, 32.7590121844, -117.079444005
"2012-11-05", "16:00:00", 08, 32.7553630671, -117.097313999
"2009-01-20", "12:00:00", 02, 33.2166628584, -117.219645785
"2012-05-07", "19:00:00", 07, 32.5543717976, -116.934925413
"2012-04-10", "17:30:00", 09, 33.2009438049, -117.370545388
"2008-06-05", "18:00:00", 05, 33.0271845133, -117.266450825
"2012-06-25", "15:00:00", 05, 32.8208073893, -116.93426826
"2012-11-19", "06:30:00", 06, 32.7553944086, -117.07009917
"2012-03-27", "01:00:00", 00, 32.8036205144, -117.117385606
"2008-09-07", "19:30:00", 05, 33.2286455111, -117.330771477
"2009-01-15", "18:30:00", 00, 33.1778941124, -117.321845032
"2011-03-23", "22:20:00", 03, 32.7984139167, -117.215815148
"2010-02-22", "19:00:00", 01, 33.0947974393, -117.05647421
"2009-06-28", "03:28:00", 09, 32.6889406344, -117.100793893
"2012-11-07", "23:40:00", 09, 32.7843050486, -117.079511612
"2008-09-20", "17:00:00", 07, 32.8133673652, -116.942387098
"2010-10-21", "22:35:00", 09, 32.7949283728, -116.955644151
"2011-06-13", "22:00:00", 07, 32.9087561239, -117.088775678
"2009-08-23", "16:45:00", 05, 33.2493984893, -117.293967897
"2008-09-17", "08:00:00", 01, 33.1404232326, -117.104217039
"2008-01-21", "06:25:00", 01, 32.7293831733, -117.197906874
"2011-08-14", "00:00:00", 05, 32.7844192947, -117.169267352
"2010-11-17", "23:30:00", 00, 32.6324974822, -117.006215734
"2008-11-28", "01:58:00", 09, 32.6997013536, -117.015698543
"2009-12-29", "19:00:00", 05, 32.7903718511, -117.10214456
"2009-06-23", "10:00:00", 06, 33.2054692157, -116.991192844
"2010-12-25", "04:15:00", 00, 33.0312190036, -117.275484439
"2012-08-03", "22:00:00", 05, 32.7013719927, -117.095840223
"2008-11-07", "20:00:00", 00, 32.7273330622, -117.089405561
"2009-03-18", "13:00:00", 05, 32.8119239818, -116.961559142
"2012-11-04", "01:24:00", 10, 33.1630793329, -117.342651598
"2010-06-12", "08:25:00", 00, 33.1427467972, -117.202019573
"2012-09-25", "08:45:00", 00, 32.8017303241, -117.038297719
"2009-07-18", "01:20:00", 10, 32.9526885315, -117.230223543
"2010-01-29", "15:50:00", 09, 32.5714931857, -117.102456609
"2011-11-14", "23:30:00", 00, 32.8629975115, -116.908275294
"2012-03-15", "14:00:00", 04, 32.8553749856, -117.245566313
"2010-01-16", "21:00:00", 07, 32.7493859136, -117.136335779
"2008-09-30", "21:32:00", 04, 32.7531306307, -117.133843614
"2009-04-22", "12:20:00", 03, 33.1699808206, -117.207849756
"2012-03-10", "23:00:00", 03, 32.7986984545, -117.214346946
"2010-03-26", "01:10:00", 01, 32.7426750859, -117.033188682
"2009-01-14", "17:45:00", 07, 32.7245407649, -117.21051157
"2012-05-05", "10:00:00", 07, 32.7450393461, -117.246000041
"2008-08-30", "00:00:00", 05, 32.7587862787, -117.063838214
"2012-03-18", "14:35:00", 09, 32.7471675771, -117.249461903
"2010-11-10", "18:20:00", 09, 32.7993448405, -117.155783572
"2010-06-03", "08:50:00", 09, 32.7136424613, -117.156048022
"2011-10-13", "04:30:00", 06, 32.9556659179, -117.111781462
"2011-04-23", "02:58:00", 10, 32.761603082, -117.250584577
"2008-04-10", "12:15:00", 03, 32.7550779819, -117.099457187
"2010-12-26", "03:37:00", 10, 32.6956579733, -117.135945834
"2012-07-04", "23:05:00", 05, 32.7743615063, -117.034517933
"2009-03-11", "07:00:00", 06, 33.0416885864, -117.288124852
"2012-10-12", "22:00:00", 07, 32.7512890021, -117.177666152
"2011-07-01", "11:00:00", 00, 33.1326696784, -117.335015799
"2009-06-11", "16:47:00", 09, 32.6572816182, -117.090604355
"2011-07-22", "15:00:00", 01, 32.7911925403, -117.097864984
"2011-09-25", "11:00:00", 01, 32.7554807975, -117.111470808
"2009-07-24", "01:34:00", 11, 32.9557042087, -117.054989996
"2012-01-08", "11:20:00", 03, 32.5966354975, -117.07711537
"2012-09-29", "20:30:00", 00, 32.7988878536, -117.235659934
"2012-07-16", "20:00:00", 05, 33.1281561101, -117.063082195
"2010-08-04", "19:36:00", 10, 32.7550229942, -117.219829452
"2009-02-05", "20:30:00", 07, 32.7572595622, -117.136049746
"2011-10-08", "09:00:00", 09, 32.7183431496, -117.157444018
"2010-11-24", "21:00:00", 00, 33.1509217107, -117.042404204
"2009-03-19", "17:00:00", 05, 33.2240252333, -117.355648442
"2012-12-13", "12:00:00", 07, 32.7542370157, -117.097592652
"2011-08-28", "09:00:00", 01, 32.8777882577, -116.950063366
"2009-05-24", "16:20:00", 05, 32.7381333956, -117.17672765
"2012-03-19", "10:00:00", 06, 32.7429422482, -117.070962669
"2008-09-27", "11:45:00", 09, 32.7114332033, -117.096461016
"2008-08-31", "18:42:00", 10, 33.0340382384, -117.239800031
"2008-02-05", "17:30:00", 00, 33.374874285, -117.257980003
"2009-06-03", "14:00:00", 05, 32.800379321, -116.969329892
"2012-03-13", "01:10:00", 03, 32.793149731, -116.97327982
"2010-01-19", "17:25:00", 01, 32.7389830365, -117.173028782
"2011-11-04", "12:10:00", 01, 32.748462002, -117.15436355
"2008-02-12", "12:00:00", 01, 32.8484211253, -116.883667966
"2010-10-29", "17:33:00", 09, 32.7047351683, -117.148975807
"2011-01-07", "03:00:00", 05, 32.8568914666, -116.921257271
"2010-02-07", "15:30:00", 09, 33.2026630559, -117.388910293
"2009-04-13", "19:00:00", 06, 32.7856802126, -117.097745585
"2010-10-04", "20:30:00", 00, 32.8122841478, -117.265179793
"2008-07-29", "12:00:00", 05, 33.0596614052, -117.265060732
"2011-01-28", "12:00:00", 00, 32.5824519923, -117.032544693
"2011-08-13", "19:00:00", 07, 32.7972627576, -117.24302003
"2012-03-27", "17:40:00", 03, 32.6221786575, -117.084912315
"2009-10-20", "22:04:00", 09, 32.7178056737, -117.161562768
"2009-10-10", "01:08:00", 09, 32.9529932996, -117.066601779
"2008-10-01", "20:00:00", 05, 32.9563246212, -117.031885964
"2008-10-30", "03:00:00", 06, 32.7481297866, -117.207663782
"2012-08-24", "19:30:00", 07, 32.5543717976, -116.934925413
"2009-10-23", "17:00:00", 07, 32.7758298102, -117.027546745
"2010-06-28", "12:00:00", 06, 32.7214549645, -117.162034581
"2011-10-21", "12:00:00", 01, 32.7979283868, -116.96660887
"2012-06-01", "23:15:00", 01, 32.8343148343, -117.174643623
"2010-06-01", "12:00:00", 02, 32.7062810877, -117.151115915
"2009-06-13", "23:00:00", 05, 32.7494198912, -117.125203618
"2010-05-06", "23:00:00", 05, 32.7282760199, -117.230563292
"2009-02-15", "12:00:00", 02, 33.1519575627, -117.042392585
"2008-10-24", "18:00:00", 00, 32.784543583, -117.10285187
"2008-09-09", "09:40:00", 01, 32.6387175984, -117.06070998
"2008-06-28", "00:00:00", 05, 32.784970106, -116.956226015
"2008-01-15", "14:00:00", 00, 33.2219393015, -117.221829687
"2011-11-13", "21:00:00", 00, 32.9807479809, -117.094883063
"2011-10-30", "01:00:00", 09, 33.2162597828, -117.342726849
"2010-10-05", "22:30:00", 09, 32.6297718684, -117.093705925
"2012-02-25", "21:45:00", 09, 32.7767076148, -117.235616076
"2011-11-21", "11:03:00", 02, 32.795046544, -116.9357311
"2012-01-23", "04:01:00", 07, 32.7158489394, -116.98836244
"2008-01-01", "12:00:00", 06, 33.1031579511, -117.192730718
"2010-03-19", "02:15:00", 09, 32.7150736215, -117.129583317
"2010-06-26", "14:40:00", 01, 32.8076838085, -116.955941644
"2010-10-28", "08:45:00", 00, 32.8109410648, -117.177362167
"2010-09-26", "20:05:00", 10, 32.5718173649, -117.11657137
"2009-03-27", "19:26:00", 09, 32.8462083429, -116.88158803
"2008-11-15", "20:00:00", 00, 32.7523092084, -117.101950704
"2009-06-11", "22:00:00", 05, 32.6303745784, -117.092586233
"2012-05-25", "07:00:00", 05, 32.7462314599, -117.043870037
"2012-10-31", "17:00:00", 00, 33.1539557793, -117.201473042
"2009-06-09", "00:00:00", 01, 32.5979078993, -117.07001087
"2010-03-08", "19:00:00", 01, 33.1901031774, -117.238042076
"2012-05-25", "19:30:00", 06, 32.7982759337, -117.014287892
"2012-04-17", "21:00:00", 07, 32.7485010038, -117.101997214
"2010-04-01", "16:12:00", 03, 33.1239188258, -117.082501848
"2008-02-09", "22:15:00", 01, 32.7495060704, -117.088251613
"2008-10-08", "20:00:00", 00, 33.020146649, -117.066520194
"2009-01-15", "13:55:00", 09, 32.9176647757, -117.149855926
"2012-02-07", "13:25:00", 09, 33.0346020773, -117.0532596
"2010-12-30", "08:00:00", 00, 32.6670803195, -117.023208451
"2011-06-08", "10:00:00", 02, 32.7022853442, -117.016683621
"2009-10-06", "22:30:00", 09, 32.7130956066, -117.160140034
"2008-10-26", "00:15:00", 03, 32.7406125983, -117.074459641
"2011-09-20", "02:30:00", 03, 33.3675930662, -117.25797108
"2011-01-28", "00:08:00", 09, 32.7451760686, -117.00342001
"2011-12-26", "00:05:00", 03, 32.7484687156, -117.126800869
"2011-05-29", "03:37:00", 03, 32.6412099259, -116.990706671
"2008-10-15", "23:00:00", 01, 33.2068549064, -117.39086189
"2011-05-21", "19:30:00", 09, 32.6768097357, -117.090525654
"2010-03-25", "13:00:00", 05, 33.1991162783, -117.373544839
"2011-02-20", "12:12:00", 01, 32.8036359735, -117.115377211
"2012-12-18", "23:30:00", 05, 33.1368320688, -117.090495956
"2011-03-18", "00:01:00", 05, 32.7554716718, -117.110415223
"2010-06-21", "23:55:00", 09, 33.2284958688, -117.326043111
"2010-08-26", "10:15:00", 06, 32.939583403, -117.209984597
"2012-03-07", "10:50:00", 10, 33.1626144393, -117.346276391
"2008-06-11", "21:30:00", 00, 32.726142653, -117.2401234
"2009-05-15", "13:00:00", 01, 32.7461460025, -117.059663145
"2012-09-05", "15:17:00", 01, 32.7120798659, -117.151932329
"2009-07-02", "23:00:00", 06, 32.7803994506, -116.971246631
"2011-01-27", "17:30:00", 06, 32.8443412743, -117.273731918
"2010-01-18", "21:30:00", 00, 32.7720834816, -117.170066256
"2009-12-04", "11:05:00", 09, 32.7021715653, -117.143236032
"2011-05-27", "01:45:00", 10, 33.0646049983, -117.300923798
"2010-09-25", "17:45:00", 09, 32.750187462, -117.205674938
"2008-11-18", "09:00:00", 06, 32.7504355412, -117.091194095
"2008-02-14", "03:00:00", 00, 32.5622607473, -117.064002544
"2012-01-06", "12:11:00", 01, 33.1839836205, -117.295415132
"2009-03-27", "23:46:00", 09, 32.7120279024, -117.160127386
"2009-06-21", "01:53:00", 06, 32.7219515453, -117.166050394
"2009-06-17", "19:58:00", 09, 32.9869706161, -116.982538032
"2010-03-17", "09:30:00", 06, 32.7711383967, -117.121154375
"2009-01-23", "18:00:00", 05, 32.7473137348, -117.044917291
"2012-04-10", "15:00:00", 11, 33.1668438059, -117.247090465
"2010-01-16", "06:34:00", 09, 32.7760376775, -117.173325121
"2011-01-24", "00:00:00", 03, 32.7395428369, -117.089196743
"2009-07-11", "13:00:00", 06, 33.4052146618, -117.166884205
"2011-09-06", "17:21:00", 11, 32.7217760794, -117.090932051
"2012-03-16", "14:37:00", 08, 32.7691306163, -117.170629781
"2009-06-02", "21:46:00", 11, 33.2026630559, -117.388910293
"2009-03-23", "17:36:00", 09, 32.6723815241, -117.088546248
"2008-12-02", "16:00:00", 00, 33.004058626, -117.277692851
"2010-06-22", "11:20:00", 03, 32.8001869686, -116.947286945
"2009-04-18", "01:19:00", 10, 32.8043956909, -117.233448302
"2011-05-10", "20:15:00", 09, 32.6205925626, -117.038650471
"2008-07-21", "15:53:00", 09, 32.7224677646, -117.169175007
"2009-04-17", "20:00:00", 09, 33.2040300425, -117.392438579
"2010-09-30", "11:39:00", 03, 32.6970171673, -117.124252704
"2012-10-30", "17:00:00", 09, 32.8031533139, -117.216742284
"2011-07-29", "21:20:00", 03, 32.7105793666, -117.10561496
"2011-11-18", "20:55:00", 09, 33.1409863453, -117.164513732
"2009-12-06", "12:14:00", 03, 32.7505440864, -117.103221356
"2011-02-25", "22:00:00", 00, 32.7199013307, -117.161574687
"2010-09-28", "02:53:00", 09, 32.91498143, -117.13139519
"2012-01-29", "18:00:00", 09, 32.7498331542, -117.251163409
"2009-11-27", "17:25:00", 09, 32.7551750588, -117.109146666
"2009-03-30", "13:00:00", 03, 33.2061761472, -117.243429401
"2008-12-20", "02:44:00", 06, 32.7803822354, -116.956575262
"2010-01-01", "03:33:00", 09, 32.57091821, -117.103527067
"2009-02-05", "21:00:00", 00, 33.4037732337, -117.138939835
"2011-07-07", "17:00:00", 05, 32.713054099, -117.166487863
"2009-11-02", "07:36:00", 03, 32.7793133797, -117.206768572
"2008-08-31", "23:45:00", 03, 32.8313448485, -117.280827591
"2009-12-30", "17:56:00", 03, 32.8639939726, -117.222213141
"2011-06-26", "08:00:00", 02, 32.6908955093, -117.181169987
"2009-08-27", "17:15:00", 01, 32.8255043189, -117.229486402
"2009-11-18", "18:00:00", 00, 32.669948947, -117.046198473
"2011-06-06", "23:45:00", 05, 33.2331465694, -117.337601599
"2009-04-14", "00:00:00", 02, 33.1857662174, -117.331283022
"2008-10-14", "00:00:00", 02, 33.1965689255, -117.356490933
"2009-06-03", "20:00:00", 00, 32.7614759734, -117.051192097
"2011-12-17", "23:00:00", 01, 32.7969408924, -117.22692552
"2011-03-11", "12:00:00", 01, 32.7536999911, -116.929299042
"2009-02-11", "19:00:00", 07, 32.7665802873, -117.178899473
"2011-06-28", "18:16:00", 09, 33.1051185993, -117.111426959
"2011-12-29", "07:50:00", 09, 32.8414469511, -116.704894445
"2010-01-20", "00:01:00", 02, 32.9266480754, -117.162532493
"2009-01-17", "15:30:00", 07, 32.7217892949, -117.031460288
"2010-09-02", "12:00:00", 01, 32.6591124606, -117.064922635
"2012-06-13", "13:40:00", 03, 32.7867435909, -116.96231232
"2009-05-19", "11:30:00", 09, 33.1630793329, -117.342651598
"2008-02-29", "09:30:00", 07, 32.5603988723, -117.054264314
"2011-05-30", "22:00:00", 07, 32.7415563264, -117.25032351
"2011-05-07", "02:20:00", 09, 32.7784272191, -117.252620652
"2011-01-13", "11:03:00", 09, 32.6765834887, -117.087634667
"2011-06-16", "15:30:00", 00, 33.112098713, -117.110936342
"2008-11-19", "13:27:00", 09, 32.5658089703, -117.016810283
"2010-01-12", "18:30:00", 09, 32.7115192561, -117.155109394
"2008-12-09", "11:00:00", 02, 32.5666583182, -117.043200256
"2010-10-27", "10:00:00", 00, 32.9060732385, -117.146033173
"2008-12-25", "02:17:00", 09, 32.7290064796, -117.208937575
"2011-05-03", "15:15:00", 09, 33.1931319435, -117.383179292
"2008-01-11", "19:25:00", 01, 32.8003922568, -117.238119184
"2008-07-30", "10:25:00", 09, 32.8343148343, -117.174643623
"2010-09-26", "13:45:00", 08, 32.7512742727, -117.130154506
"2010-01-23", "22:11:00", 10, 32.7680451106, -117.035271096
"2010-05-17", "11:00:00", 01, 32.7693617193, -117.13621879
"2008-05-04", "22:00:00", 03, 32.8020252439, -117.106457871
"2011-05-28", "17:00:00", 09, 32.7446904129, -117.253831718
"2011-01-04", "19:04:00", 01, 32.8731340076, -117.211859506
"2012-05-25", "21:30:00", 02, 32.7670580946, -117.065200827
"2010-01-21", "14:00:00", 06, 33.3264047165, -117.255156001
"2009-11-28", "12:30:00", 00, 32.7491938034, -117.086408569
"2008-05-24", "06:25:00", 00, 32.7675763646, -117.147362294
"2012-11-14", "04:30:00", 01, 32.7640040775, -117.062285197
"2010-05-28", "08:57:00", 03, 32.6732147458, -117.085556563
"2008-09-06", "14:00:00", 06, 33.1479426946, -117.344656084
"2012-04-13", "21:45:00", 08, 32.7504594737, -117.093341079
"2011-04-08", "22:00:00", 12, 32.7582039813, -117.133899391
"2009-12-06", "00:01:00", 05, 32.7229284579, -117.078946511
"2012-07-20", "10:30:00", 04, 32.7183217158, -117.162026542
"2008-03-18", "08:15:00", 06, 32.9700550094, -117.164721187
"2009-05-26", "20:00:00", 07, 32.6376772377, -117.077387183
"2010-07-23", "15:05:00", 00, 32.7782960364, -117.252356165
"2008-10-14", "23:55:00", 04, 32.7571636292, -117.115488143
"2011-06-08", "13:45:00", 00, 32.8576260779, -117.255866604
"2011-11-30", "00:01:00", 00, 33.1095644817, -117.108803829
"2011-06-27", "02:55:00", 09, 32.7126020526, -117.15512539
"2012-06-22", "02:00:00", 05, 32.7928149686, -117.253906042
"2010-10-26", "06:45:00", 01, 33.1982758794, -117.287567234
"2010-10-29", "01:05:00", 06, 32.799302113, -117.247560808
"2008-05-06", "22:00:00", 05, 32.6730163874, -117.06431889
"2012-06-21", "21:30:00", 03, 32.7486542375, -116.993792104
"2010-03-06", "18:30:00", 02, 32.8332441851, -117.107008
"2010-02-13", "22:15:00", 09, 32.5854921432, -117.111211045
"2010-08-15", "22:45:00", 09, 33.3659279567, -117.249793661
"2008-09-23", "21:00:00", 06, 33.0168144923, -117.076095808
"2009-01-02", "17:15:00", 09, 32.5505554876, -117.045979109
"2009-12-18", "12:50:00", 09, 33.3495074208, -117.241745023
"2011-09-24", "21:30:00", 00, 32.8683425668, -117.222925489
"2009-07-16", "12:30:00", 04, 32.7293762021, -117.201653943
"2011-12-01", "12:20:00", 06, 32.75549742, -117.113614493
"2012-12-25", "12:11:00", 05, 32.7665802873, -117.178899473
"2012-01-26", "09:26:00", 01, 32.6085375815, -117.080689149
"2009-07-03", "20:07:00", 06, 33.1248040767, -117.321273328
"2008-04-13", "19:00:00", 07, 32.7505293998, -117.101968059
"2011-07-03", "15:28:00", 09, 32.7906602055, -117.205254498
"2008-03-21", "12:30:00", 01, 32.7240586293, -117.163423919
"2008-11-01", "06:55:00", 08, 32.7209126382, -117.166046101
"2011-10-28", "14:37:00", 06, 32.7469464221, -116.962638771
"2008-04-26", "01:05:00", 09, 32.7116659441, -117.059700776
"2011-07-04", "23:47:00", 10, 33.171877239, -117.318377231
"2008-11-17", "17:00:00", 01, 32.7489131547, -117.149609842
"2009-03-04", "01:42:00", 10, 33.1089269449, -117.072941067
"2008-09-13", "08:06:00", 02, 32.9459712892, -117.113617367
"2010-04-13", "12:00:00", 00, 33.1706782258, -117.346470352
"2012-11-16", "00:35:00", 10, 32.8321828203, -117.204477749
"2010-11-24", "13:45:00", 01, 33.0947974393, -117.05647421
"2011-08-08", "12:00:00", 02, 32.783812399, -116.927894823
"2008-05-21", "20:00:00", 06, 32.5723277689, -117.079830762
"2009-12-22", "15:45:00", 00, 32.9877025956, -117.07544198
"2008-05-31", "02:11:00", 10, 32.6956869062, -117.175597235
"2012-03-24", "11:00:00", 03, 32.8223485494, -117.099320538
"2009-02-19", "11:20:00", 09, 33.1313494812, -117.206586687
"2011-12-08", "08:30:00", 06, 33.0860687284, -117.043942574
"2011-10-30", "16:30:00", 01, 32.8003922568, -117.238119184
"2008-12-14", "17:10:00", 01, 33.1393212252, -117.269729889
"2011-08-07", "17:00:00", 01, 32.6719670346, -117.090082616
"2011-06-03", "12:46:00", 09, 32.6292330964, -117.08877281
"2012-02-07", "13:48:00", 01, 32.6770469076, -117.093010716
"2012-06-27", "13:30:00", 01, 32.7515804596, -117.195932353
"2010-02-03", "14:39:00", 09, 32.7530672408, -117.246752708
"2012-09-07", "17:41:00", 07, 32.6546685622, -117.102170453
"2009-10-04", "18:30:00", 09, 32.7948659821, -117.254001016
"2008-08-07", "03:00:00", 05, 33.0763740369, -117.291789289
"2011-12-15", "17:30:00", 00, 32.6351914302, -117.023376027
"2008-04-05", "02:05:00", 06, 32.7512789486, -117.128920216
"2008-06-13", "03:00:00", 01, 32.7948492226, -117.241302114
"2010-01-30", "10:45:00", 06, 32.7731196182, -117.158028868
"2008-09-16", "09:34:00", 02, 32.6521847912, -117.034593579
"2009-11-25", "17:00:00", 01, 32.7684466404, -117.029804979
"2011-11-26", "12:00:00", 01, 32.8501428391, -117.186711772
"2008-09-05", "19:00:00", 00, 33.1368320688, -117.090495956
"2009-02-21", "23:07:00", 10, 32.5925596574, -117.046086811
"2008-03-06", "10:14:00", 09, 32.70941047, -117.149001877
"2008-10-19", "19:45:00", 07, 32.5871074751, -117.05945853
